<?xml version="1.0" encoding="UTF-8"?>
<project-private xmlns="http://www.netbeans.org/ns/project-private/1">
    <editor-bookmarks xmlns="http://www.netbeans.org/ns/editor-bookmarks/2" lastBookmarkId="0"/>
    <open-files xmlns="http://www.netbeans.org/ns/projectui-open-files/2">
        <group>
            <file>file:/C:/Users/Derick/Documents/NetBeansProjects/PAT2019/src/hill/UsersToArray.java</file>
            <file>file:/C:/Users/Derick/Documents/NetBeansProjects/PAT2019/src/hill/Donor.java</file>
            <file>file:/C:/Users/Derick/Documents/NetBeansProjects/PAT2019/src/hill/PAT2019UI.java</file>
            <file>file:/C:/Users/Derick/Documents/NetBeansProjects/PAT2019/src/hill/AdminMenu.java</file>
        </group>
    </open-files>
</project-private>
